common_name,scientific_name,start_s,end_s,confidence,label,file_index,filename,file_stem,recording_date,recording_start_time,absolute_timestamp,weather_temp_c,weather_conditions,weather_summary,readable_filename,recording_id,datetime,hour
Arctic Tern,Sterna paradisaea,27714.0,27717.0,0.2928722500801086,Sterna paradisaea_Arctic Tern,1,245AAA0563ED3DA7_20251013_113753.WAV,245AAA0563ED3DA7_20251013_113753,2025-10-13,11:37:53,2025-10-13 19:19:47,7-11,"Light rain, drizzle, fog","Damp, foggy, low visibility",2025-10-13_Morning_LightRain_7-11C,,,
Arctic Warbler,Phylloscopus borealis,29232.0,29235.0,0.4617729485034942,Phylloscopus borealis_Arctic Warbler,2,245AAA0563ED3DA7_20251014_000000.WAV,245AAA0563ED3DA7_20251014_000000,2025-10-14,00:00:00,2025-10-14 08:07:12,11,"Light rain, passing clouds",Light rain overnight,2025-10-14_Night_LightRain_11C,,,
Bank Swallow,Riparia riparia,7077.0,7080.0,0.4715615808963775,Riparia riparia_Bank Swallow,1,245AAA0563ED3DA7_20251013_113753.WAV,245AAA0563ED3DA7_20251013_113753,2025-10-13,11:37:53,2025-10-13 13:35:50,7-11,"Light rain, drizzle, fog","Damp, foggy, low visibility",2025-10-13_Morning_LightRain_7-11C,,,
Bar-headed Goose,Anser indicus,10605.0,10608.0,0.8260077834129333,Anser indicus_Bar-headed Goose,1,245AAA0563ED3DA7_20251013_113753.WAV,245AAA0563ED3DA7_20251013_113753,2025-10-13,11:37:53,2025-10-13 14:34:38,7-11,"Light rain, drizzle, fog","Damp, foggy, low visibility",2025-10-13_Morning_LightRain_7-11C,,,
Black Woodpecker,Dryocopus martius,8823.0,8826.0,0.3936589360237121,Dryocopus martius_Black Woodpecker,4,245AAA0563ED3DA7_20251015_000000.WAV,245AAA0563ED3DA7_20251015_000000,2025-10-15,00:00:00,2025-10-15 02:27:03,10-11,"Passing clouds, broken clouds","Partly cloudy, unsettled",2025-10-15_Night_PartlyCloudy_10-11C,,,
Black-bellied Plover,Pluvialis squatarola,41268.0,41271.0,0.4349128305912018,Pluvialis squatarola_Black-bellied Plover,4,245AAA0563ED3DA7_20251015_000000.WAV,245AAA0563ED3DA7_20251015_000000,2025-10-15,00:00:00,2025-10-15 11:27:48,10-11,"Passing clouds, broken clouds","Partly cloudy, unsettled",2025-10-15_Night_PartlyCloudy_10-11C,,,
Black-headed Gull,Chroicocephalus ridibundus,5088.0,5091.0,0.5128580331802368,Chroicocephalus ridibundus_Black-headed Gull,1,245AAA0563ED3DA7_20251013_113753.WAV,245AAA0563ED3DA7_20251013_113753,2025-10-13,11:37:53,2025-10-13 13:02:41,7-11,"Light rain, drizzle, fog","Damp, foggy, low visibility",2025-10-13_Morning_LightRain_7-11C,,,
Black-legged Kittiwake,Rissa tridactyla,25818.0,25821.0,0.3200206458568573,Rissa tridactyla_Black-legged Kittiwake,4,245AAA0563ED3DA7_20251015_000000.WAV,245AAA0563ED3DA7_20251015_000000,2025-10-15,00:00:00,2025-10-15 07:10:18,10-11,"Passing clouds, broken clouds","Partly cloudy, unsettled",2025-10-15_Night_PartlyCloudy_10-11C,,,
Boreal Owl,Aegolius funereus,28866.0,28869.0,0.3343629837036133,Aegolius funereus_Boreal Owl,3,245AAA0563ED3DA7_20251014_122526.WAV,245AAA0563ED3DA7_20251014_122526,2025-10-14,12:25:26,2025-10-14 20:26:32,11,"Broken clouds, improving","Clearing, drier",2025-10-14_Afternoon_BrokenClouds_11C,,,
Brambling,Fringilla montifringilla,32277.0,32280.0,0.6833499073982239,Fringilla montifringilla_Brambling,2,245AAA0563ED3DA7_20251014_000000.WAV,245AAA0563ED3DA7_20251014_000000,2025-10-14,00:00:00,2025-10-14 08:57:57,11,"Light rain, passing clouds",Light rain overnight,2025-10-14_Night_LightRain_11C,,,
Brant,Branta bernicla,18618.0,18621.0,0.6638275384902954,Branta bernicla_Brant,4,245AAA0563ED3DA7_20251015_000000.WAV,245AAA0563ED3DA7_20251015_000000,2025-10-15,00:00:00,2025-10-15 05:10:18,10-11,"Passing clouds, broken clouds","Partly cloudy, unsettled",2025-10-15_Night_PartlyCloudy_10-11C,,,
Canada Goose,Branta canadensis,44319.0,44322.0,0.6374825835227966,Branta canadensis_Canada Goose,4,245AAA0563ED3DA7_20251015_000000.WAV,245AAA0563ED3DA7_20251015_000000,2025-10-15,00:00:00,2025-10-15 12:18:39,10-11,"Passing clouds, broken clouds","Partly cloudy, unsettled",2025-10-15_Night_PartlyCloudy_10-11C,,,
Carrion Crow,Corvus corone,27471.0,27474.0,0.7567083835601807,Corvus corone_Carrion Crow,2,245AAA0563ED3DA7_20251014_000000.WAV,245AAA0563ED3DA7_20251014_000000,2025-10-14,00:00:00,2025-10-14 07:37:51,11,"Light rain, passing clouds",Light rain overnight,2025-10-14_Night_LightRain_11C,,,
Common Buzzard,Buteo buteo,40560.0,40563.0,0.3139726817607879,Buteo buteo_Common Buzzard,4,245AAA0563ED3DA7_20251015_000000.WAV,245AAA0563ED3DA7_20251015_000000,2025-10-15,00:00:00,2025-10-15 11:16:00,10-11,"Passing clouds, broken clouds","Partly cloudy, unsettled",2025-10-15_Night_PartlyCloudy_10-11C,,,
Common Crane,Grus grus,20082.0,20085.0,0.7632269263267517,Grus grus_Common Crane,3,245AAA0563ED3DA7_20251014_122526.WAV,245AAA0563ED3DA7_20251014_122526,2025-10-14,12:25:26,2025-10-14 18:00:08,11,"Broken clouds, improving","Clearing, drier",2025-10-14_Afternoon_BrokenClouds_11C,,,
Common Goldeneye,Bucephala clangula,20886.0,20889.0,0.2648724913597107,Bucephala clangula_Common Goldeneye,1,245AAA0563ED3DA7_20251013_113753.WAV,245AAA0563ED3DA7_20251013_113753,2025-10-13,11:37:53,2025-10-13 17:25:59,7-11,"Light rain, drizzle, fog","Damp, foggy, low visibility",2025-10-13_Morning_LightRain_7-11C,,,
Common Grasshopper-Warbler,Locustella naevia,28815.0,28818.0,0.8865875601768494,Locustella naevia_Common Grasshopper-Warbler,2,245AAA0563ED3DA7_20251014_000000.WAV,245AAA0563ED3DA7_20251014_000000,2025-10-14,00:00:00,2025-10-14 08:00:15,11,"Light rain, passing clouds",Light rain overnight,2025-10-14_Night_LightRain_11C,,,
Common House-Martin,Delichon urbicum,5589.0,5592.0,0.329817920923233,Delichon urbicum_Common House-Martin,3,245AAA0563ED3DA7_20251014_122526.WAV,245AAA0563ED3DA7_20251014_122526,2025-10-14,12:25:26,2025-10-14 13:58:35,11,"Broken clouds, improving","Clearing, drier",2025-10-14_Afternoon_BrokenClouds_11C,,,
Common Loon,Gavia immer,28869.0,28872.0,0.5989507436752319,Gavia immer_Common Loon,3,245AAA0563ED3DA7_20251014_122526.WAV,245AAA0563ED3DA7_20251014_122526,2025-10-14,12:25:26,2025-10-14 20:26:35,11,"Broken clouds, improving","Clearing, drier",2025-10-14_Afternoon_BrokenClouds_11C,,,
Common Quail,Coturnix coturnix,9606.0,9609.0,0.4564340114593506,Coturnix coturnix_Common Quail,2,245AAA0563ED3DA7_20251014_000000.WAV,245AAA0563ED3DA7_20251014_000000,2025-10-14,00:00:00,2025-10-14 02:40:06,11,"Light rain, passing clouds",Light rain overnight,2025-10-14_Night_LightRain_11C,,,
Common Raven,Corvus corax,20694.0,20697.0,0.2624345421791076,Corvus corax_Common Raven,3,245AAA0563ED3DA7_20251014_122526.WAV,245AAA0563ED3DA7_20251014_122526,2025-10-14,12:25:26,2025-10-14 18:10:20,11,"Broken clouds, improving","Clearing, drier",2025-10-14_Afternoon_BrokenClouds_11C,,,
Common Redpoll,Acanthis flammea,42162.0,42165.0,0.4994414746761322,Acanthis flammea_Common Redpoll,2,245AAA0563ED3DA7_20251014_000000.WAV,245AAA0563ED3DA7_20251014_000000,2025-10-14,00:00:00,2025-10-14 11:42:42,11,"Light rain, passing clouds",Light rain overnight,2025-10-14_Night_LightRain_11C,,,
Common Sandpiper,Actitis hypoleucos,15243.0,15246.0,0.9784222841262816,Actitis hypoleucos_Common Sandpiper,3,245AAA0563ED3DA7_20251014_122526.WAV,245AAA0563ED3DA7_20251014_122526,2025-10-14,12:25:26,2025-10-14 16:39:29,11,"Broken clouds, improving","Clearing, drier",2025-10-14_Afternoon_BrokenClouds_11C,,,
Common Scoter,Melanitta nigra,39888.0,39891.0,0.4819347262382507,Melanitta nigra_Common Scoter,4,245AAA0563ED3DA7_20251015_000000.WAV,245AAA0563ED3DA7_20251015_000000,2025-10-15,00:00:00,2025-10-15 11:04:48,10-11,"Passing clouds, broken clouds","Partly cloudy, unsettled",2025-10-15_Night_PartlyCloudy_10-11C,,,
Common Snipe,Gallinago gallinago,18816.0,18819.0,0.5076087713241577,Gallinago gallinago_Common Snipe,1,245AAA0563ED3DA7_20251013_113753.WAV,245AAA0563ED3DA7_20251013_113753,2025-10-13,11:37:53,2025-10-13 16:51:29,7-11,"Light rain, drizzle, fog","Damp, foggy, low visibility",2025-10-13_Morning_LightRain_7-11C,,,
Common Tern,Sterna hirundo,41292.0,41295.0,0.3062166273593902,Sterna hirundo_Common Tern,4,245AAA0563ED3DA7_20251015_000000.WAV,245AAA0563ED3DA7_20251015_000000,2025-10-15,00:00:00,2025-10-15 11:28:12,10-11,"Passing clouds, broken clouds","Partly cloudy, unsettled",2025-10-15_Night_PartlyCloudy_10-11C,,,
Corn Crake,Crex crex,26580.0,26583.0,0.2719783782958984,Crex crex_Corn Crake,2,245AAA0563ED3DA7_20251014_000000.WAV,245AAA0563ED3DA7_20251014_000000,2025-10-14,00:00:00,2025-10-14 07:23:00,11,"Light rain, passing clouds",Light rain overnight,2025-10-14_Night_LightRain_11C,,,
Dunlin,Calidris alpina,17913.0,17916.0,0.403543621301651,Calidris alpina_Dunlin,3,245AAA0563ED3DA7_20251014_122526.WAV,245AAA0563ED3DA7_20251014_122526,2025-10-14,12:25:26,2025-10-14 17:23:59,11,"Broken clouds, improving","Clearing, drier",2025-10-14_Afternoon_BrokenClouds_11C,,,
Dunnock,Prunella modularis,32583.0,32586.0,0.2847785055637359,Prunella modularis_Dunnock,2,245AAA0563ED3DA7_20251014_000000.WAV,245AAA0563ED3DA7_20251014_000000,2025-10-14,00:00:00,2025-10-14 09:03:03,11,"Light rain, passing clouds",Light rain overnight,2025-10-14_Night_LightRain_11C,,,
Eurasian Blue Tit,Cyanistes caeruleus,28992.0,28995.0,0.7104076147079468,Cyanistes caeruleus_Eurasian Blue Tit,2,245AAA0563ED3DA7_20251014_000000.WAV,245AAA0563ED3DA7_20251014_000000,2025-10-14,00:00:00,2025-10-14 08:03:12,11,"Light rain, passing clouds",Light rain overnight,2025-10-14_Night_LightRain_11C,,,
Eurasian Coot,Fulica atra,43830.0,43833.0,0.6279417872428894,Fulica atra_Eurasian Coot,2,245AAA0563ED3DA7_20251014_000000.WAV,245AAA0563ED3DA7_20251014_000000,2025-10-14,00:00:00,2025-10-14 12:10:30,11,"Light rain, passing clouds",Light rain overnight,2025-10-14_Night_LightRain_11C,,,
Eurasian Curlew,Numenius arquata,15798.0,15801.0,0.6661829948425293,Numenius arquata_Eurasian Curlew,3,245AAA0563ED3DA7_20251014_122526.WAV,245AAA0563ED3DA7_20251014_122526,2025-10-14,12:25:26,2025-10-14 16:48:44,11,"Broken clouds, improving","Clearing, drier",2025-10-14_Afternoon_BrokenClouds_11C,,,
Eurasian Eagle-Owl,Bubo bubo,43653.0,43656.0,0.3814470171928406,Bubo bubo_Eurasian Eagle-Owl,4,245AAA0563ED3DA7_20251015_000000.WAV,245AAA0563ED3DA7_20251015_000000,2025-10-15,00:00:00,2025-10-15 12:07:33,10-11,"Passing clouds, broken clouds","Partly cloudy, unsettled",2025-10-15_Night_PartlyCloudy_10-11C,,,
Eurasian Jay,Garrulus glandarius,44007.0,44010.0,0.468063622713089,Garrulus glandarius_Eurasian Jay,2,245AAA0563ED3DA7_20251014_000000.WAV,245AAA0563ED3DA7_20251014_000000,2025-10-14,00:00:00,2025-10-14 12:13:27,11,"Light rain, passing clouds",Light rain overnight,2025-10-14_Night_LightRain_11C,,,
Eurasian Magpie,Pica pica,5073.0,5076.0,0.882946789264679,Pica pica_Eurasian Magpie,1,245AAA0563ED3DA7_20251013_113753.WAV,245AAA0563ED3DA7_20251013_113753,2025-10-13,11:37:53,2025-10-13 13:02:26,7-11,"Light rain, drizzle, fog","Damp, foggy, low visibility",2025-10-13_Morning_LightRain_7-11C,,,
Eurasian Moorhen,Gallinula chloropus,2496.0,2499.0,0.542025625705719,Gallinula chloropus_Eurasian Moorhen,3,245AAA0563ED3DA7_20251014_122526.WAV,245AAA0563ED3DA7_20251014_122526,2025-10-14,12:25:26,2025-10-14 13:07:02,11,"Broken clouds, improving","Clearing, drier",2025-10-14_Afternoon_BrokenClouds_11C,,,
Eurasian Nutcracker,Nucifraga caryocatactes,22068.0,22071.0,0.8904567360877991,Nucifraga caryocatactes_Eurasian Nutcracker,2,245AAA0563ED3DA7_20251014_000000.WAV,245AAA0563ED3DA7_20251014_000000,2025-10-14,00:00:00,2025-10-14 06:07:48,11,"Light rain, passing clouds",Light rain overnight,2025-10-14_Night_LightRain_11C,,,
Eurasian Oystercatcher,Haematopus ostralegus,12087.0,12090.0,0.6740541458129883,Haematopus ostralegus_Eurasian Oystercatcher,1,245AAA0563ED3DA7_20251013_113753.WAV,245AAA0563ED3DA7_20251013_113753,2025-10-13,11:37:53,2025-10-13 14:59:20,7-11,"Light rain, drizzle, fog","Damp, foggy, low visibility",2025-10-13_Morning_LightRain_7-11C,,,
Eurasian Pygmy-Owl,Glaucidium passerinum,10815.0,10818.0,0.6462499499320984,Glaucidium passerinum_Eurasian Pygmy-Owl,2,245AAA0563ED3DA7_20251014_000000.WAV,245AAA0563ED3DA7_20251014_000000,2025-10-14,00:00:00,2025-10-14 03:00:15,11,"Light rain, passing clouds",Light rain overnight,2025-10-14_Night_LightRain_11C,,,
Eurasian Woodcock,Scolopax rusticola,31257.0,31260.0,0.9260644912719728,Scolopax rusticola_Eurasian Woodcock,2,245AAA0563ED3DA7_20251014_000000.WAV,245AAA0563ED3DA7_20251014_000000,2025-10-14,00:00:00,2025-10-14 08:40:57,11,"Light rain, passing clouds",Light rain overnight,2025-10-14_Night_LightRain_11C,,,
European Golden-Plover,Pluvialis apricaria,40905.0,40908.0,0.3028083741664886,Pluvialis apricaria_European Golden-Plover,4,245AAA0563ED3DA7_20251015_000000.WAV,245AAA0563ED3DA7_20251015_000000,2025-10-15,00:00:00,2025-10-15 11:21:45,10-11,"Passing clouds, broken clouds","Partly cloudy, unsettled",2025-10-15_Night_PartlyCloudy_10-11C,,,
European Greenfinch,Chloris chloris,31359.0,31362.0,0.7284049391746521,Chloris chloris_European Greenfinch,2,245AAA0563ED3DA7_20251014_000000.WAV,245AAA0563ED3DA7_20251014_000000,2025-10-14,00:00:00,2025-10-14 08:42:39,11,"Light rain, passing clouds",Light rain overnight,2025-10-14_Night_LightRain_11C,,,
European Robin,Erithacus rubecula,32253.0,32256.0,0.5534208416938782,Erithacus rubecula_European Robin,2,245AAA0563ED3DA7_20251014_000000.WAV,245AAA0563ED3DA7_20251014_000000,2025-10-14,00:00:00,2025-10-14 08:57:33,11,"Light rain, passing clouds",Light rain overnight,2025-10-14_Night_LightRain_11C,,,
European Storm-Petrel,Hydrobates pelagicus,17667.0,17670.0,0.3907239735126495,Hydrobates pelagicus_European Storm-Petrel,4,245AAA0563ED3DA7_20251015_000000.WAV,245AAA0563ED3DA7_20251015_000000,2025-10-15,00:00:00,2025-10-15 04:54:27,10-11,"Passing clouds, broken clouds","Partly cloudy, unsettled",2025-10-15_Night_PartlyCloudy_10-11C,,,
Fieldfare,Turdus pilaris,24174.0,24177.0,0.43946173787117,Turdus pilaris_Fieldfare,2,245AAA0563ED3DA7_20251014_000000.WAV,245AAA0563ED3DA7_20251014_000000,2025-10-14,00:00:00,2025-10-14 06:42:54,11,"Light rain, passing clouds",Light rain overnight,2025-10-14_Night_LightRain_11C,,,
Gadwall,Mareca strepera,4725.0,4728.0,0.306615948677063,Mareca strepera_Gadwall,3,245AAA0563ED3DA7_20251014_122526.WAV,245AAA0563ED3DA7_20251014_122526,2025-10-14,12:25:26,2025-10-14 13:44:11,11,"Broken clouds, improving","Clearing, drier",2025-10-14_Afternoon_BrokenClouds_11C,,,
Gray Heron,Ardea cinerea,28485.0,28488.0,0.9886121153831482,Ardea cinerea_Gray Heron,3,245AAA0563ED3DA7_20251014_122526.WAV,245AAA0563ED3DA7_20251014_122526,2025-10-14,12:25:26,2025-10-14 20:20:11,11,"Broken clouds, improving","Clearing, drier",2025-10-14_Afternoon_BrokenClouds_11C,,,
Gray Partridge,Perdix perdix,2532.0,2535.0,0.4978450238704681,Perdix perdix_Gray Partridge,3,245AAA0563ED3DA7_20251014_122526.WAV,245AAA0563ED3DA7_20251014_122526,2025-10-14,12:25:26,2025-10-14 13:07:38,11,"Broken clouds, improving","Clearing, drier",2025-10-14_Afternoon_BrokenClouds_11C,,,
Gray Wagtail,Motacilla cinerea,27846.0,27849.0,0.6414146423339844,Motacilla cinerea_Gray Wagtail,2,245AAA0563ED3DA7_20251014_000000.WAV,245AAA0563ED3DA7_20251014_000000,2025-10-14,00:00:00,2025-10-14 07:44:06,11,"Light rain, passing clouds",Light rain overnight,2025-10-14_Night_LightRain_11C,,,
Graylag Goose,Anser anser,17643.0,17646.0,0.9911367893218994,Anser anser_Graylag Goose,1,245AAA0563ED3DA7_20251013_113753.WAV,245AAA0563ED3DA7_20251013_113753,2025-10-13,11:37:53,2025-10-13 16:31:56,7-11,"Light rain, drizzle, fog","Damp, foggy, low visibility",2025-10-13_Morning_LightRain_7-11C,,,
Great Bittern,Botaurus stellaris,41910.0,41913.0,0.9132727980613708,Botaurus stellaris_Great Bittern,2,245AAA0563ED3DA7_20251014_000000.WAV,245AAA0563ED3DA7_20251014_000000,2025-10-14,00:00:00,2025-10-14 11:38:30,11,"Light rain, passing clouds",Light rain overnight,2025-10-14_Night_LightRain_11C,,,
Great Black-backed Gull,Larus marinus,34350.0,34353.0,0.2650857865810394,Larus marinus_Great Black-backed Gull,4,245AAA0563ED3DA7_20251015_000000.WAV,245AAA0563ED3DA7_20251015_000000,2025-10-15,00:00:00,2025-10-15 09:32:30,10-11,"Passing clouds, broken clouds","Partly cloudy, unsettled",2025-10-15_Night_PartlyCloudy_10-11C,,,
Great Gray Shrike,Lanius excubitor,23088.0,23091.0,0.4330466091632843,Lanius excubitor_Great Gray Shrike,2,245AAA0563ED3DA7_20251014_000000.WAV,245AAA0563ED3DA7_20251014_000000,2025-10-14,00:00:00,2025-10-14 06:24:48,11,"Light rain, passing clouds",Light rain overnight,2025-10-14_Night_LightRain_11C,,,
Great Snipe,Gallinago media,31848.0,31851.0,0.95735764503479,Gallinago media_Great Snipe,1,245AAA0563ED3DA7_20251013_113753.WAV,245AAA0563ED3DA7_20251013_113753,2025-10-13,11:37:53,2025-10-13 20:28:41,7-11,"Light rain, drizzle, fog","Damp, foggy, low visibility",2025-10-13_Morning_LightRain_7-11C,,,
Greater White-fronted Goose,Anser albifrons,13698.0,13701.0,0.7362827658653259,Anser albifrons_Greater White-fronted Goose,1,245AAA0563ED3DA7_20251013_113753.WAV,245AAA0563ED3DA7_20251013_113753,2025-10-13,11:37:53,2025-10-13 15:26:11,7-11,"Light rain, drizzle, fog","Damp, foggy, low visibility",2025-10-13_Morning_LightRain_7-11C,,,
Herring Gull,Larus argentatus,40422.0,40425.0,0.5044676661491394,Larus argentatus_Herring Gull,4,245AAA0563ED3DA7_20251015_000000.WAV,245AAA0563ED3DA7_20251015_000000,2025-10-15,00:00:00,2025-10-15 11:13:42,10-11,"Passing clouds, broken clouds","Partly cloudy, unsettled",2025-10-15_Night_PartlyCloudy_10-11C,,,
Hooded Crow,Corvus cornix,8568.0,8571.0,0.8015146255493164,Corvus cornix_Hooded Crow,1,245AAA0563ED3DA7_20251013_113753.WAV,245AAA0563ED3DA7_20251013_113753,2025-10-13,11:37:53,2025-10-13 14:00:41,7-11,"Light rain, drizzle, fog","Damp, foggy, low visibility",2025-10-13_Morning_LightRain_7-11C,,,
Lapland Longspur,Calcarius lapponicus,42906.0,42909.0,0.4524809122085571,Calcarius lapponicus_Lapland Longspur,4,245AAA0563ED3DA7_20251015_000000.WAV,245AAA0563ED3DA7_20251015_000000,2025-10-15,00:00:00,2025-10-15 11:55:06,10-11,"Passing clouds, broken clouds","Partly cloudy, unsettled",2025-10-15_Night_PartlyCloudy_10-11C,,,
Lesser Spotted Woodpecker,Dryobates minor,14625.0,14628.0,0.8495276570320129,Dryobates minor_Lesser Spotted Woodpecker,4,245AAA0563ED3DA7_20251015_000000.WAV,245AAA0563ED3DA7_20251015_000000,2025-10-15,00:00:00,2025-10-15 04:03:45,10-11,"Passing clouds, broken clouds","Partly cloudy, unsettled",2025-10-15_Night_PartlyCloudy_10-11C,,,
Little Bunting,Emberiza pusilla,28917.0,28920.0,0.5060760378837585,Emberiza pusilla_Little Bunting,2,245AAA0563ED3DA7_20251014_000000.WAV,245AAA0563ED3DA7_20251014_000000,2025-10-14,00:00:00,2025-10-14 08:01:57,11,"Light rain, passing clouds",Light rain overnight,2025-10-14_Night_LightRain_11C,,,
Mallard,Anas platyrhynchos,6456.0,6459.0,0.7532699108123779,Anas platyrhynchos_Mallard,1,245AAA0563ED3DA7_20251013_113753.WAV,245AAA0563ED3DA7_20251013_113753,2025-10-13,11:37:53,2025-10-13 13:25:29,7-11,"Light rain, drizzle, fog","Damp, foggy, low visibility",2025-10-13_Morning_LightRain_7-11C,,,
Manx Shearwater,Puffinus puffinus,12099.0,12102.0,0.4864032566547394,Puffinus puffinus_Manx Shearwater,4,245AAA0563ED3DA7_20251015_000000.WAV,245AAA0563ED3DA7_20251015_000000,2025-10-15,00:00:00,2025-10-15 03:21:39,10-11,"Passing clouds, broken clouds","Partly cloudy, unsettled",2025-10-15_Night_PartlyCloudy_10-11C,,,
Meadow Pipit,Anthus pratensis,40425.0,40428.0,0.7172338366508484,Anthus pratensis_Meadow Pipit,2,245AAA0563ED3DA7_20251014_000000.WAV,245AAA0563ED3DA7_20251014_000000,2025-10-14,00:00:00,2025-10-14 11:13:45,11,"Light rain, passing clouds",Light rain overnight,2025-10-14_Night_LightRain_11C,,,
Mistle Thrush,Turdus viscivorus,24924.0,24927.0,0.4820084571838379,Turdus viscivorus_Mistle Thrush,2,245AAA0563ED3DA7_20251014_000000.WAV,245AAA0563ED3DA7_20251014_000000,2025-10-14,00:00:00,2025-10-14 06:55:24,11,"Light rain, passing clouds",Light rain overnight,2025-10-14_Night_LightRain_11C,,,
Northern Lapwing,Vanellus vanellus,5760.0,5763.0,0.6621115207672119,Vanellus vanellus_Northern Lapwing,3,245AAA0563ED3DA7_20251014_122526.WAV,245AAA0563ED3DA7_20251014_122526,2025-10-14,12:25:26,2025-10-14 14:01:26,11,"Broken clouds, improving","Clearing, drier",2025-10-14_Afternoon_BrokenClouds_11C,,,
Ortolan Bunting,Emberiza hortulana,4389.0,4392.0,0.3355682790279388,Emberiza hortulana_Ortolan Bunting,3,245AAA0563ED3DA7_20251014_122526.WAV,245AAA0563ED3DA7_20251014_122526,2025-10-14,12:25:26,2025-10-14 13:38:35,11,"Broken clouds, improving","Clearing, drier",2025-10-14_Afternoon_BrokenClouds_11C,,,
Pine Grosbeak,Pinicola enucleator,43296.0,43299.0,0.8252786993980408,Pinicola enucleator_Pine Grosbeak,2,245AAA0563ED3DA7_20251014_000000.WAV,245AAA0563ED3DA7_20251014_000000,2025-10-14,00:00:00,2025-10-14 12:01:36,11,"Light rain, passing clouds",Light rain overnight,2025-10-14_Night_LightRain_11C,,,
Pink-footed Goose,Anser brachyrhynchus,43503.0,43506.0,0.9741592407226562,Anser brachyrhynchus_Pink-footed Goose,2,245AAA0563ED3DA7_20251014_000000.WAV,245AAA0563ED3DA7_20251014_000000,2025-10-14,00:00:00,2025-10-14 12:05:03,11,"Light rain, passing clouds",Light rain overnight,2025-10-14_Night_LightRain_11C,,,
Red Crossbill,Loxia curvirostra,28365.0,28368.0,0.2794416844844818,Loxia curvirostra_Red Crossbill,1,245AAA0563ED3DA7_20251013_113753.WAV,245AAA0563ED3DA7_20251013_113753,2025-10-13,11:37:53,2025-10-13 19:30:38,7-11,"Light rain, drizzle, fog","Damp, foggy, low visibility",2025-10-13_Morning_LightRain_7-11C,,,
Red-breasted Flycatcher,Ficedula parva,28923.0,28926.0,0.901174008846283,Ficedula parva_Red-breasted Flycatcher,2,245AAA0563ED3DA7_20251014_000000.WAV,245AAA0563ED3DA7_20251014_000000,2025-10-14,00:00:00,2025-10-14 08:02:03,11,"Light rain, passing clouds",Light rain overnight,2025-10-14_Night_LightRain_11C,,,
Red-throated Loon,Gavia stellata,27099.0,27102.0,0.3042365610599518,Gavia stellata_Red-throated Loon,4,245AAA0563ED3DA7_20251015_000000.WAV,245AAA0563ED3DA7_20251015_000000,2025-10-15,00:00:00,2025-10-15 07:31:39,10-11,"Passing clouds, broken clouds","Partly cloudy, unsettled",2025-10-15_Night_PartlyCloudy_10-11C,,,
Redwing,Turdus iliacus,25530.0,25533.0,0.7830180525779724,Turdus iliacus_Redwing,2,245AAA0563ED3DA7_20251014_000000.WAV,245AAA0563ED3DA7_20251014_000000,2025-10-14,00:00:00,2025-10-14 07:05:30,11,"Light rain, passing clouds",Light rain overnight,2025-10-14_Night_LightRain_11C,,,
Reed Bunting,Emberiza schoeniclus,35949.0,35952.0,0.2931766510009765,Emberiza schoeniclus_Reed Bunting,4,245AAA0563ED3DA7_20251015_000000.WAV,245AAA0563ED3DA7_20251015_000000,2025-10-15,00:00:00,2025-10-15 09:59:09,10-11,"Passing clouds, broken clouds","Partly cloudy, unsettled",2025-10-15_Night_PartlyCloudy_10-11C,,,
Richard's Pipit,Anthus richardi,30885.0,30888.0,0.9399092197418212,Anthus richardi_Richard's Pipit,2,245AAA0563ED3DA7_20251014_000000.WAV,245AAA0563ED3DA7_20251014_000000,2025-10-14,00:00:00,2025-10-14 08:34:45,11,"Light rain, passing clouds",Light rain overnight,2025-10-14_Night_LightRain_11C,,,
Ring-necked Pheasant,Phasianus colchicus,43569.0,43572.0,0.6621363162994385,Phasianus colchicus_Ring-necked Pheasant,2,245AAA0563ED3DA7_20251014_000000.WAV,245AAA0563ED3DA7_20251014_000000,2025-10-14,00:00:00,2025-10-14 12:06:09,11,"Light rain, passing clouds",Light rain overnight,2025-10-14_Night_LightRain_11C,,,
River Warbler,Locustella fluviatilis,26664.0,26667.0,0.2537513673305511,Locustella fluviatilis_River Warbler,2,245AAA0563ED3DA7_20251014_000000.WAV,245AAA0563ED3DA7_20251014_000000,2025-10-14,00:00:00,2025-10-14 07:24:24,11,"Light rain, passing clouds",Light rain overnight,2025-10-14_Night_LightRain_11C,,,
Rook,Corvus frugilegus,33294.0,33297.0,0.8196960091590881,Corvus frugilegus_Rook,4,245AAA0563ED3DA7_20251015_000000.WAV,245AAA0563ED3DA7_20251015_000000,2025-10-15,00:00:00,2025-10-15 09:14:54,10-11,"Passing clouds, broken clouds","Partly cloudy, unsettled",2025-10-15_Night_PartlyCloudy_10-11C,,,
Snow Bunting,Plectrophenax nivalis,42909.0,42912.0,0.8968643546104431,Plectrophenax nivalis_Snow Bunting,4,245AAA0563ED3DA7_20251015_000000.WAV,245AAA0563ED3DA7_20251015_000000,2025-10-15,00:00:00,2025-10-15 11:55:09,10-11,"Passing clouds, broken clouds","Partly cloudy, unsettled",2025-10-15_Night_PartlyCloudy_10-11C,,,
Spotted Crake,Porzana porzana,2727.0,2730.0,0.9933927655220032,Porzana porzana_Spotted Crake,3,245AAA0563ED3DA7_20251014_122526.WAV,245AAA0563ED3DA7_20251014_122526,2025-10-14,12:25:26,2025-10-14 13:10:53,11,"Broken clouds, improving","Clearing, drier",2025-10-14_Afternoon_BrokenClouds_11C,,,
Taiga Bean-Goose,Anser fabalis,44631.0,44634.0,0.3845321238040924,Anser fabalis_Taiga Bean-Goose,4,245AAA0563ED3DA7_20251015_000000.WAV,245AAA0563ED3DA7_20251015_000000,2025-10-15,00:00:00,2025-10-15 12:23:51,10-11,"Passing clouds, broken clouds","Partly cloudy, unsettled",2025-10-15_Night_PartlyCloudy_10-11C,,,
Tawny Owl,Strix aluco,31671.0,31674.0,0.8152799606323242,Strix aluco_Tawny Owl,3,245AAA0563ED3DA7_20251014_122526.WAV,245AAA0563ED3DA7_20251014_122526,2025-10-14,12:25:26,2025-10-14 21:13:17,11,"Broken clouds, improving","Clearing, drier",2025-10-14_Afternoon_BrokenClouds_11C,,,
Tree Pipit,Anthus trivialis,26316.0,26319.0,0.6749482154846191,Anthus trivialis_Tree Pipit,2,245AAA0563ED3DA7_20251014_000000.WAV,245AAA0563ED3DA7_20251014_000000,2025-10-14,00:00:00,2025-10-14 07:18:36,11,"Light rain, passing clouds",Light rain overnight,2025-10-14_Night_LightRain_11C,,,
Tundra Bean-Goose,Anser serrirostris,44631.0,44634.0,0.357853353023529,Anser serrirostris_Tundra Bean-Goose,4,245AAA0563ED3DA7_20251015_000000.WAV,245AAA0563ED3DA7_20251015_000000,2025-10-15,00:00:00,2025-10-15 12:23:51,10-11,"Passing clouds, broken clouds","Partly cloudy, unsettled",2025-10-15_Night_PartlyCloudy_10-11C,,,
Tundra Swan,Cygnus columbianus,13476.0,13479.0,0.5657656192779541,Cygnus columbianus_Tundra Swan,1,245AAA0563ED3DA7_20251013_113753.WAV,245AAA0563ED3DA7_20251013_113753,2025-10-13,11:37:53,2025-10-13 15:22:29,7-11,"Light rain, drizzle, fog","Damp, foggy, low visibility",2025-10-13_Morning_LightRain_7-11C,,,
Water Rail,Rallus aquaticus,10614.0,10617.0,0.618826687335968,Rallus aquaticus_Water Rail,2,245AAA0563ED3DA7_20251014_000000.WAV,245AAA0563ED3DA7_20251014_000000,2025-10-14,00:00:00,2025-10-14 02:56:54,11,"Light rain, passing clouds",Light rain overnight,2025-10-14_Night_LightRain_11C,,,
Western Capercaillie,Tetrao urogallus,40806.0,40809.0,0.2719223499298095,Tetrao urogallus_Western Capercaillie,3,245AAA0563ED3DA7_20251014_122526.WAV,245AAA0563ED3DA7_20251014_122526,2025-10-14,12:25:26,2025-10-14 23:45:32,11,"Broken clouds, improving","Clearing, drier",2025-10-14_Afternoon_BrokenClouds_11C,,,
Western Yellow Wagtail,Motacilla flava,35949.0,35952.0,0.5927988886833191,Motacilla flava_Western Yellow Wagtail,4,245AAA0563ED3DA7_20251015_000000.WAV,245AAA0563ED3DA7_20251015_000000,2025-10-15,00:00:00,2025-10-15 09:59:09,10-11,"Passing clouds, broken clouds","Partly cloudy, unsettled",2025-10-15_Night_PartlyCloudy_10-11C,,,
White Wagtail,Motacilla alba,30420.0,30423.0,0.5791553854942322,Motacilla alba_White Wagtail,2,245AAA0563ED3DA7_20251014_000000.WAV,245AAA0563ED3DA7_20251014_000000,2025-10-14,00:00:00,2025-10-14 08:27:00,11,"Light rain, passing clouds",Light rain overnight,2025-10-14_Night_LightRain_11C,,,
Whooper Swan,Cygnus cygnus,39717.0,39720.0,0.5115653276443481,Cygnus cygnus_Whooper Swan,4,245AAA0563ED3DA7_20251015_000000.WAV,245AAA0563ED3DA7_20251015_000000,2025-10-15,00:00:00,2025-10-15 11:01:57,10-11,"Passing clouds, broken clouds","Partly cloudy, unsettled",2025-10-15_Night_PartlyCloudy_10-11C,,,
Yellowhammer,Emberiza citrinella,31626.0,31629.0,0.832180380821228,Emberiza citrinella_Yellowhammer,2,245AAA0563ED3DA7_20251014_000000.WAV,245AAA0563ED3DA7_20251014_000000,2025-10-14,00:00:00,2025-10-14 08:47:06,11,"Light rain, passing clouds",Light rain overnight,2025-10-14_Night_LightRain_11C,,,
Black Woodpecker,Dryocopus martius,8823.0,8826.0,0.3936589360237121,Dryocopus martius_Black Woodpecker,4,245AAA0563ED3DA7_20251015_000000.WAV,245AAA0563ED3DA7_20251015_000000,2025-10-15,00:00:00,2025-10-15 02:27:03,10-11,"Passing clouds, broken clouds","Partly cloudy, unsettled",2025-10-15_Night_PartlyCloudy_10-11C,245AAA0563ED3DA7_20251015_000000.WAV,2025-10-15 02:27:03,2.0
Brant,Branta bernicla,18618.0,18621.0,0.6638275384902954,Branta bernicla_Brant,4,245AAA0563ED3DA7_20251015_000000.WAV,245AAA0563ED3DA7_20251015_000000,2025-10-15,00:00:00,2025-10-15 05:10:18,10-11,"Passing clouds, broken clouds","Partly cloudy, unsettled",2025-10-15_Night_PartlyCloudy_10-11C,245AAA0563ED3DA7_20251015_000000.WAV,2025-10-15 05:10:18,5.0
Canada Goose,Branta canadensis,9807.0,9810.0,0.2500024735927582,Branta canadensis_Canada Goose,4,245AAA0563ED3DA7_20251015_000000.WAV,245AAA0563ED3DA7_20251015_000000,2025-10-15,00:00:00,2025-10-15 02:43:27,10-11,"Passing clouds, broken clouds","Partly cloudy, unsettled",2025-10-15_Night_PartlyCloudy_10-11C,245AAA0563ED3DA7_20251015_000000.WAV,2025-10-15 02:43:27,2.0
Common Crane,Grus grus,16332.0,16335.0,0.6629758477210999,Grus grus_Common Crane,4,245AAA0563ED3DA7_20251015_000000.WAV,245AAA0563ED3DA7_20251015_000000,2025-10-15,00:00:00,2025-10-15 04:32:12,10-11,"Passing clouds, broken clouds","Partly cloudy, unsettled",2025-10-15_Night_PartlyCloudy_10-11C,245AAA0563ED3DA7_20251015_000000.WAV,2025-10-15 04:32:12,4.0
Common Quail,Coturnix coturnix,9606.0,9609.0,0.4564340114593506,Coturnix coturnix_Common Quail,2,245AAA0563ED3DA7_20251014_000000.WAV,245AAA0563ED3DA7_20251014_000000,2025-10-14,00:00:00,2025-10-14 02:40:06,11,"Light rain, passing clouds",Light rain overnight,2025-10-14_Night_LightRain_11C,245AAA0563ED3DA7_20251014_000000.WAV,2025-10-14 02:40:06,2.0
Eurasian Curlew,Numenius arquata,14076.0,14079.0,0.3905434608459472,Numenius arquata_Eurasian Curlew,4,245AAA0563ED3DA7_20251015_000000.WAV,245AAA0563ED3DA7_20251015_000000,2025-10-15,00:00:00,2025-10-15 03:54:36,10-11,"Passing clouds, broken clouds","Partly cloudy, unsettled",2025-10-15_Night_PartlyCloudy_10-11C,245AAA0563ED3DA7_20251015_000000.WAV,2025-10-15 03:54:36,3.0
Eurasian Nutcracker,Nucifraga caryocatactes,21567.0,21570.0,0.5236181020736694,Nucifraga caryocatactes_Eurasian Nutcracker,2,245AAA0563ED3DA7_20251014_000000.WAV,245AAA0563ED3DA7_20251014_000000,2025-10-14,00:00:00,2025-10-14 05:59:27,11,"Light rain, passing clouds",Light rain overnight,2025-10-14_Night_LightRain_11C,245AAA0563ED3DA7_20251014_000000.WAV,2025-10-14 05:59:27,5.0
Eurasian Pygmy-Owl,Glaucidium passerinum,10815.0,10818.0,0.6462499499320984,Glaucidium passerinum_Eurasian Pygmy-Owl,2,245AAA0563ED3DA7_20251014_000000.WAV,245AAA0563ED3DA7_20251014_000000,2025-10-14,00:00:00,2025-10-14 03:00:15,11,"Light rain, passing clouds",Light rain overnight,2025-10-14_Night_LightRain_11C,245AAA0563ED3DA7_20251014_000000.WAV,2025-10-14 03:00:15,3.0
Eurasian Woodcock,Scolopax rusticola,37332.0,37335.0,0.8574357628822327,Scolopax rusticola_Eurasian Woodcock,1,245AAA0563ED3DA7_20251013_113753.WAV,245AAA0563ED3DA7_20251013_113753,2025-10-13,11:37:53,2025-10-13 22:00:05,7-11,"Light rain, drizzle, fog","Damp, foggy, low visibility",2025-10-13_Morning_LightRain_7-11C,245AAA0563ED3DA7_20251013_113753.WAV,2025-10-13 22:00:05,22.0
European Storm-Petrel,Hydrobates pelagicus,17667.0,17670.0,0.3907239735126495,Hydrobates pelagicus_European Storm-Petrel,4,245AAA0563ED3DA7_20251015_000000.WAV,245AAA0563ED3DA7_20251015_000000,2025-10-15,00:00:00,2025-10-15 04:54:27,10-11,"Passing clouds, broken clouds","Partly cloudy, unsettled",2025-10-15_Night_PartlyCloudy_10-11C,245AAA0563ED3DA7_20251015_000000.WAV,2025-10-15 04:54:27,4.0
Gadwall,Mareca strepera,16542.0,16545.0,0.3028966784477234,Mareca strepera_Gadwall,2,245AAA0563ED3DA7_20251014_000000.WAV,245AAA0563ED3DA7_20251014_000000,2025-10-14,00:00:00,2025-10-14 04:35:42,11,"Light rain, passing clouds",Light rain overnight,2025-10-14_Night_LightRain_11C,245AAA0563ED3DA7_20251014_000000.WAV,2025-10-14 04:35:42,4.0
Gray Heron,Ardea cinerea,14379.0,14382.0,0.4298230111598968,Ardea cinerea_Gray Heron,2,245AAA0563ED3DA7_20251014_000000.WAV,245AAA0563ED3DA7_20251014_000000,2025-10-14,00:00:00,2025-10-14 03:59:39,11,"Light rain, passing clouds",Light rain overnight,2025-10-14_Night_LightRain_11C,245AAA0563ED3DA7_20251014_000000.WAV,2025-10-14 03:59:39,3.0
Graylag Goose,Anser anser,18216.0,18219.0,0.9364592432975768,Anser anser_Graylag Goose,4,245AAA0563ED3DA7_20251015_000000.WAV,245AAA0563ED3DA7_20251015_000000,2025-10-15,00:00:00,2025-10-15 05:03:36,10-11,"Passing clouds, broken clouds","Partly cloudy, unsettled",2025-10-15_Night_PartlyCloudy_10-11C,245AAA0563ED3DA7_20251015_000000.WAV,2025-10-15 05:03:36,5.0
Great Bittern,Botaurus stellaris,18783.0,18786.0,0.7683841586112976,Botaurus stellaris_Great Bittern,2,245AAA0563ED3DA7_20251014_000000.WAV,245AAA0563ED3DA7_20251014_000000,2025-10-14,00:00:00,2025-10-14 05:13:03,11,"Light rain, passing clouds",Light rain overnight,2025-10-14_Night_LightRain_11C,245AAA0563ED3DA7_20251014_000000.WAV,2025-10-14 05:13:03,5.0
Great Snipe,Gallinago media,38388.0,38391.0,0.8906815648078918,Gallinago media_Great Snipe,1,245AAA0563ED3DA7_20251013_113753.WAV,245AAA0563ED3DA7_20251013_113753,2025-10-13,11:37:53,2025-10-13 22:17:41,7-11,"Light rain, drizzle, fog","Damp, foggy, low visibility",2025-10-13_Morning_LightRain_7-11C,245AAA0563ED3DA7_20251013_113753.WAV,2025-10-13 22:17:41,22.0
Greater White-fronted Goose,Anser albifrons,8352.0,8355.0,0.5818190574645996,Anser albifrons_Greater White-fronted Goose,2,245AAA0563ED3DA7_20251014_000000.WAV,245AAA0563ED3DA7_20251014_000000,2025-10-14,00:00:00,2025-10-14 02:19:12,11,"Light rain, passing clouds",Light rain overnight,2025-10-14_Night_LightRain_11C,245AAA0563ED3DA7_20251014_000000.WAV,2025-10-14 02:19:12,2.0
Lesser Spotted Woodpecker,Dryobates minor,14625.0,14628.0,0.8495276570320129,Dryobates minor_Lesser Spotted Woodpecker,4,245AAA0563ED3DA7_20251015_000000.WAV,245AAA0563ED3DA7_20251015_000000,2025-10-15,00:00:00,2025-10-15 04:03:45,10-11,"Passing clouds, broken clouds","Partly cloudy, unsettled",2025-10-15_Night_PartlyCloudy_10-11C,245AAA0563ED3DA7_20251015_000000.WAV,2025-10-15 04:03:45,4.0
Mallard,Anas platyrhynchos,13152.0,13155.0,0.7457965016365051,Anas platyrhynchos_Mallard,4,245AAA0563ED3DA7_20251015_000000.WAV,245AAA0563ED3DA7_20251015_000000,2025-10-15,00:00:00,2025-10-15 03:39:12,10-11,"Passing clouds, broken clouds","Partly cloudy, unsettled",2025-10-15_Night_PartlyCloudy_10-11C,245AAA0563ED3DA7_20251015_000000.WAV,2025-10-15 03:39:12,3.0
Manx Shearwater,Puffinus puffinus,12099.0,12102.0,0.4864032566547394,Puffinus puffinus_Manx Shearwater,4,245AAA0563ED3DA7_20251015_000000.WAV,245AAA0563ED3DA7_20251015_000000,2025-10-15,00:00:00,2025-10-15 03:21:39,10-11,"Passing clouds, broken clouds","Partly cloudy, unsettled",2025-10-15_Night_PartlyCloudy_10-11C,245AAA0563ED3DA7_20251015_000000.WAV,2025-10-15 03:21:39,3.0
Mistle Thrush,Turdus viscivorus,16479.0,16482.0,0.474910706281662,Turdus viscivorus_Mistle Thrush,2,245AAA0563ED3DA7_20251014_000000.WAV,245AAA0563ED3DA7_20251014_000000,2025-10-14,00:00:00,2025-10-14 04:34:39,11,"Light rain, passing clouds",Light rain overnight,2025-10-14_Night_LightRain_11C,245AAA0563ED3DA7_20251014_000000.WAV,2025-10-14 04:34:39,4.0
Northern Lapwing,Vanellus vanellus,8799.0,8802.0,0.4987939596176147,Vanellus vanellus_Northern Lapwing,2,245AAA0563ED3DA7_20251014_000000.WAV,245AAA0563ED3DA7_20251014_000000,2025-10-14,00:00:00,2025-10-14 02:26:39,11,"Light rain, passing clouds",Light rain overnight,2025-10-14_Night_LightRain_11C,245AAA0563ED3DA7_20251014_000000.WAV,2025-10-14 02:26:39,2.0
Pink-footed Goose,Anser brachyrhynchus,11682.0,11685.0,0.7135344743728638,Anser brachyrhynchus_Pink-footed Goose,4,245AAA0563ED3DA7_20251015_000000.WAV,245AAA0563ED3DA7_20251015_000000,2025-10-15,00:00:00,2025-10-15 03:14:42,10-11,"Passing clouds, broken clouds","Partly cloudy, unsettled",2025-10-15_Night_PartlyCloudy_10-11C,245AAA0563ED3DA7_20251015_000000.WAV,2025-10-15 03:14:42,3.0
Red-throated Loon,Gavia stellata,19092.0,19095.0,0.2744471132755279,Gavia stellata_Red-throated Loon,2,245AAA0563ED3DA7_20251014_000000.WAV,245AAA0563ED3DA7_20251014_000000,2025-10-14,00:00:00,2025-10-14 05:18:12,11,"Light rain, passing clouds",Light rain overnight,2025-10-14_Night_LightRain_11C,245AAA0563ED3DA7_20251014_000000.WAV,2025-10-14 05:18:12,5.0
Redwing,Turdus iliacus,18483.0,18486.0,0.2818856835365295,Turdus iliacus_Redwing,2,245AAA0563ED3DA7_20251014_000000.WAV,245AAA0563ED3DA7_20251014_000000,2025-10-14,00:00:00,2025-10-14 05:08:03,11,"Light rain, passing clouds",Light rain overnight,2025-10-14_Night_LightRain_11C,245AAA0563ED3DA7_20251014_000000.WAV,2025-10-14 05:08:03,5.0
Ring-necked Pheasant,Phasianus colchicus,5475.0,5478.0,0.5354991555213928,Phasianus colchicus_Ring-necked Pheasant,4,245AAA0563ED3DA7_20251015_000000.WAV,245AAA0563ED3DA7_20251015_000000,2025-10-15,00:00:00,2025-10-15 01:31:15,10-11,"Passing clouds, broken clouds","Partly cloudy, unsettled",2025-10-15_Night_PartlyCloudy_10-11C,245AAA0563ED3DA7_20251015_000000.WAV,2025-10-15 01:31:15,1.0
Rook,Corvus frugilegus,12738.0,12741.0,0.5437530279159546,Corvus frugilegus_Rook,4,245AAA0563ED3DA7_20251015_000000.WAV,245AAA0563ED3DA7_20251015_000000,2025-10-15,00:00:00,2025-10-15 03:32:18,10-11,"Passing clouds, broken clouds","Partly cloudy, unsettled",2025-10-15_Night_PartlyCloudy_10-11C,245AAA0563ED3DA7_20251015_000000.WAV,2025-10-15 03:32:18,3.0
Spotted Crake,Porzana porzana,35568.0,35571.0,0.9011762142181396,Porzana porzana_Spotted Crake,3,245AAA0563ED3DA7_20251014_122526.WAV,245AAA0563ED3DA7_20251014_122526,2025-10-14,12:25:26,2025-10-14 22:18:14,11,"Broken clouds, improving","Clearing, drier",2025-10-14_Afternoon_BrokenClouds_11C,245AAA0563ED3DA7_20251014_122526.WAV,2025-10-14 22:18:14,22.0
Tawny Owl,Strix aluco,17649.0,17652.0,0.7819859385490417,Strix aluco_Tawny Owl,2,245AAA0563ED3DA7_20251014_000000.WAV,245AAA0563ED3DA7_20251014_000000,2025-10-14,00:00:00,2025-10-14 04:54:09,11,"Light rain, passing clouds",Light rain overnight,2025-10-14_Night_LightRain_11C,245AAA0563ED3DA7_20251014_000000.WAV,2025-10-14 04:54:09,4.0
Tundra Bean-Goose,Anser serrirostris,14055.0,14058.0,0.2835055291652679,Anser serrirostris_Tundra Bean-Goose,4,245AAA0563ED3DA7_20251015_000000.WAV,245AAA0563ED3DA7_20251015_000000,2025-10-15,00:00:00,2025-10-15 03:54:15,10-11,"Passing clouds, broken clouds","Partly cloudy, unsettled",2025-10-15_Night_PartlyCloudy_10-11C,245AAA0563ED3DA7_20251015_000000.WAV,2025-10-15 03:54:15,3.0
Water Rail,Rallus aquaticus,10614.0,10617.0,0.618826687335968,Rallus aquaticus_Water Rail,2,245AAA0563ED3DA7_20251014_000000.WAV,245AAA0563ED3DA7_20251014_000000,2025-10-14,00:00:00,2025-10-14 02:56:54,11,"Light rain, passing clouds",Light rain overnight,2025-10-14_Night_LightRain_11C,245AAA0563ED3DA7_20251014_000000.WAV,2025-10-14 02:56:54,2.0
Western Capercaillie,Tetrao urogallus,40806.0,40809.0,0.2719223499298095,Tetrao urogallus_Western Capercaillie,3,245AAA0563ED3DA7_20251014_122526.WAV,245AAA0563ED3DA7_20251014_122526,2025-10-14,12:25:26,2025-10-14 23:45:32,11,"Broken clouds, improving","Clearing, drier",2025-10-14_Afternoon_BrokenClouds_11C,245AAA0563ED3DA7_20251014_122526.WAV,2025-10-14 23:45:32,23.0
Whooper Swan,Cygnus cygnus,16920.0,16923.0,0.3058826327323913,Cygnus cygnus_Whooper Swan,4,245AAA0563ED3DA7_20251015_000000.WAV,245AAA0563ED3DA7_20251015_000000,2025-10-15,00:00:00,2025-10-15 04:42:00,10-11,"Passing clouds, broken clouds","Partly cloudy, unsettled",2025-10-15_Night_PartlyCloudy_10-11C,245AAA0563ED3DA7_20251015_000000.WAV,2025-10-15 04:42:00,4.0
Arctic Warbler,Phylloscopus borealis,29232.0,29235.0,0.4617729485034942,Phylloscopus borealis_Arctic Warbler,2,245AAA0563ED3DA7_20251014_000000.WAV,245AAA0563ED3DA7_20251014_000000,2025-10-14,00:00:00,2025-10-14 08:07:12,11,"Light rain, passing clouds",Light rain overnight,2025-10-14_Night_LightRain_11C,245AAA0563ED3DA7_20251014_000000.WAV,2025-10-14 08:07:12,8.0
Black-legged Kittiwake,Rissa tridactyla,25818.0,25821.0,0.3200206458568573,Rissa tridactyla_Black-legged Kittiwake,4,245AAA0563ED3DA7_20251015_000000.WAV,245AAA0563ED3DA7_20251015_000000,2025-10-15,00:00:00,2025-10-15 07:10:18,10-11,"Passing clouds, broken clouds","Partly cloudy, unsettled",2025-10-15_Night_PartlyCloudy_10-11C,245AAA0563ED3DA7_20251015_000000.WAV,2025-10-15 07:10:18,7.0
Brambling,Fringilla montifringilla,32277.0,32280.0,0.6833499073982239,Fringilla montifringilla_Brambling,2,245AAA0563ED3DA7_20251014_000000.WAV,245AAA0563ED3DA7_20251014_000000,2025-10-14,00:00:00,2025-10-14 08:57:57,11,"Light rain, passing clouds",Light rain overnight,2025-10-14_Night_LightRain_11C,245AAA0563ED3DA7_20251014_000000.WAV,2025-10-14 08:57:57,8.0
Canada Goose,Branta canadensis,35964.0,35967.0,0.4009804725646972,Branta canadensis_Canada Goose,4,245AAA0563ED3DA7_20251015_000000.WAV,245AAA0563ED3DA7_20251015_000000,2025-10-15,00:00:00,2025-10-15 09:59:24,10-11,"Passing clouds, broken clouds","Partly cloudy, unsettled",2025-10-15_Night_PartlyCloudy_10-11C,245AAA0563ED3DA7_20251015_000000.WAV,2025-10-15 09:59:24,9.0
Carrion Crow,Corvus corone,27471.0,27474.0,0.7567083835601807,Corvus corone_Carrion Crow,2,245AAA0563ED3DA7_20251014_000000.WAV,245AAA0563ED3DA7_20251014_000000,2025-10-14,00:00:00,2025-10-14 07:37:51,11,"Light rain, passing clouds",Light rain overnight,2025-10-14_Night_LightRain_11C,245AAA0563ED3DA7_20251014_000000.WAV,2025-10-14 07:37:51,7.0
Common Crane,Grus grus,29553.0,29556.0,0.5433263182640076,Grus grus_Common Crane,4,245AAA0563ED3DA7_20251015_000000.WAV,245AAA0563ED3DA7_20251015_000000,2025-10-15,00:00:00,2025-10-15 08:12:33,10-11,"Passing clouds, broken clouds","Partly cloudy, unsettled",2025-10-15_Night_PartlyCloudy_10-11C,245AAA0563ED3DA7_20251015_000000.WAV,2025-10-15 08:12:33,8.0
Common Grasshopper-Warbler,Locustella naevia,28815.0,28818.0,0.8865875601768494,Locustella naevia_Common Grasshopper-Warbler,2,245AAA0563ED3DA7_20251014_000000.WAV,245AAA0563ED3DA7_20251014_000000,2025-10-14,00:00:00,2025-10-14 08:00:15,11,"Light rain, passing clouds",Light rain overnight,2025-10-14_Night_LightRain_11C,245AAA0563ED3DA7_20251014_000000.WAV,2025-10-14 08:00:15,8.0
Common Redpoll,Acanthis flammea,25866.0,25869.0,0.4733695387840271,Acanthis flammea_Common Redpoll,4,245AAA0563ED3DA7_20251015_000000.WAV,245AAA0563ED3DA7_20251015_000000,2025-10-15,00:00:00,2025-10-15 07:11:06,10-11,"Passing clouds, broken clouds","Partly cloudy, unsettled",2025-10-15_Night_PartlyCloudy_10-11C,245AAA0563ED3DA7_20251015_000000.WAV,2025-10-15 07:11:06,7.0
Common Scoter,Melanitta nigra,35697.0,35700.0,0.2773169577121734,Melanitta nigra_Common Scoter,4,245AAA0563ED3DA7_20251015_000000.WAV,245AAA0563ED3DA7_20251015_000000,2025-10-15,00:00:00,2025-10-15 09:54:57,10-11,"Passing clouds, broken clouds","Partly cloudy, unsettled",2025-10-15_Night_PartlyCloudy_10-11C,245AAA0563ED3DA7_20251015_000000.WAV,2025-10-15 09:54:57,9.0
Corn Crake,Crex crex,26580.0,26583.0,0.2719783782958984,Crex crex_Corn Crake,2,245AAA0563ED3DA7_20251014_000000.WAV,245AAA0563ED3DA7_20251014_000000,2025-10-14,00:00:00,2025-10-14 07:23:00,11,"Light rain, passing clouds",Light rain overnight,2025-10-14_Night_LightRain_11C,245AAA0563ED3DA7_20251014_000000.WAV,2025-10-14 07:23:00,7.0
Dunnock,Prunella modularis,32583.0,32586.0,0.2847785055637359,Prunella modularis_Dunnock,2,245AAA0563ED3DA7_20251014_000000.WAV,245AAA0563ED3DA7_20251014_000000,2025-10-14,00:00:00,2025-10-14 09:03:03,11,"Light rain, passing clouds",Light rain overnight,2025-10-14_Night_LightRain_11C,245AAA0563ED3DA7_20251014_000000.WAV,2025-10-14 09:03:03,9.0
Eurasian Blue Tit,Cyanistes caeruleus,28992.0,28995.0,0.7104076147079468,Cyanistes caeruleus_Eurasian Blue Tit,2,245AAA0563ED3DA7_20251014_000000.WAV,245AAA0563ED3DA7_20251014_000000,2025-10-14,00:00:00,2025-10-14 08:03:12,11,"Light rain, passing clouds",Light rain overnight,2025-10-14_Night_LightRain_11C,245AAA0563ED3DA7_20251014_000000.WAV,2025-10-14 08:03:12,8.0
Eurasian Coot,Fulica atra,34899.0,34902.0,0.4015131294727325,Fulica atra_Eurasian Coot,4,245AAA0563ED3DA7_20251015_000000.WAV,245AAA0563ED3DA7_20251015_000000,2025-10-15,00:00:00,2025-10-15 09:41:39,10-11,"Passing clouds, broken clouds","Partly cloudy, unsettled",2025-10-15_Night_PartlyCloudy_10-11C,245AAA0563ED3DA7_20251015_000000.WAV,2025-10-15 09:41:39,9.0
Eurasian Magpie,Pica pica,33453.0,33456.0,0.3686254918575287,Pica pica_Eurasian Magpie,4,245AAA0563ED3DA7_20251015_000000.WAV,245AAA0563ED3DA7_20251015_000000,2025-10-15,00:00:00,2025-10-15 09:17:33,10-11,"Passing clouds, broken clouds","Partly cloudy, unsettled",2025-10-15_Night_PartlyCloudy_10-11C,245AAA0563ED3DA7_20251015_000000.WAV,2025-10-15 09:17:33,9.0
Eurasian Nutcracker,Nucifraga caryocatactes,22068.0,22071.0,0.8904567360877991,Nucifraga caryocatactes_Eurasian Nutcracker,2,245AAA0563ED3DA7_20251014_000000.WAV,245AAA0563ED3DA7_20251014_000000,2025-10-14,00:00:00,2025-10-14 06:07:48,11,"Light rain, passing clouds",Light rain overnight,2025-10-14_Night_LightRain_11C,245AAA0563ED3DA7_20251014_000000.WAV,2025-10-14 06:07:48,6.0
Eurasian Woodcock,Scolopax rusticola,31257.0,31260.0,0.9260644912719728,Scolopax rusticola_Eurasian Woodcock,2,245AAA0563ED3DA7_20251014_000000.WAV,245AAA0563ED3DA7_20251014_000000,2025-10-14,00:00:00,2025-10-14 08:40:57,11,"Light rain, passing clouds",Light rain overnight,2025-10-14_Night_LightRain_11C,245AAA0563ED3DA7_20251014_000000.WAV,2025-10-14 08:40:57,8.0
European Greenfinch,Chloris chloris,31359.0,31362.0,0.7284049391746521,Chloris chloris_European Greenfinch,2,245AAA0563ED3DA7_20251014_000000.WAV,245AAA0563ED3DA7_20251014_000000,2025-10-14,00:00:00,2025-10-14 08:42:39,11,"Light rain, passing clouds",Light rain overnight,2025-10-14_Night_LightRain_11C,245AAA0563ED3DA7_20251014_000000.WAV,2025-10-14 08:42:39,8.0
European Robin,Erithacus rubecula,32253.0,32256.0,0.5534208416938782,Erithacus rubecula_European Robin,2,245AAA0563ED3DA7_20251014_000000.WAV,245AAA0563ED3DA7_20251014_000000,2025-10-14,00:00:00,2025-10-14 08:57:33,11,"Light rain, passing clouds",Light rain overnight,2025-10-14_Night_LightRain_11C,245AAA0563ED3DA7_20251014_000000.WAV,2025-10-14 08:57:33,8.0
European Storm-Petrel,Hydrobates pelagicus,33381.0,33384.0,0.2968698143959045,Hydrobates pelagicus_European Storm-Petrel,4,245AAA0563ED3DA7_20251015_000000.WAV,245AAA0563ED3DA7_20251015_000000,2025-10-15,00:00:00,2025-10-15 09:16:21,10-11,"Passing clouds, broken clouds","Partly cloudy, unsettled",2025-10-15_Night_PartlyCloudy_10-11C,245AAA0563ED3DA7_20251015_000000.WAV,2025-10-15 09:16:21,9.0
Fieldfare,Turdus pilaris,24174.0,24177.0,0.43946173787117,Turdus pilaris_Fieldfare,2,245AAA0563ED3DA7_20251014_000000.WAV,245AAA0563ED3DA7_20251014_000000,2025-10-14,00:00:00,2025-10-14 06:42:54,11,"Light rain, passing clouds",Light rain overnight,2025-10-14_Night_LightRain_11C,245AAA0563ED3DA7_20251014_000000.WAV,2025-10-14 06:42:54,6.0
Gray Heron,Ardea cinerea,36996.0,36999.0,0.283381313085556,Ardea cinerea_Gray Heron,4,245AAA0563ED3DA7_20251015_000000.WAV,245AAA0563ED3DA7_20251015_000000,2025-10-15,00:00:00,2025-10-15 10:16:36,10-11,"Passing clouds, broken clouds","Partly cloudy, unsettled",2025-10-15_Night_PartlyCloudy_10-11C,245AAA0563ED3DA7_20251015_000000.WAV,2025-10-15 10:16:36,10.0
Gray Wagtail,Motacilla cinerea,27846.0,27849.0,0.6414146423339844,Motacilla cinerea_Gray Wagtail,2,245AAA0563ED3DA7_20251014_000000.WAV,245AAA0563ED3DA7_20251014_000000,2025-10-14,00:00:00,2025-10-14 07:44:06,11,"Light rain, passing clouds",Light rain overnight,2025-10-14_Night_LightRain_11C,245AAA0563ED3DA7_20251014_000000.WAV,2025-10-14 07:44:06,7.0
Graylag Goose,Anser anser,35760.0,35763.0,0.9828774929046632,Anser anser_Graylag Goose,4,245AAA0563ED3DA7_20251015_000000.WAV,245AAA0563ED3DA7_20251015_000000,2025-10-15,00:00:00,2025-10-15 09:56:00,10-11,"Passing clouds, broken clouds","Partly cloudy, unsettled",2025-10-15_Night_PartlyCloudy_10-11C,245AAA0563ED3DA7_20251015_000000.WAV,2025-10-15 09:56:00,9.0
Great Black-backed Gull,Larus marinus,34350.0,34353.0,0.2650857865810394,Larus marinus_Great Black-backed Gull,4,245AAA0563ED3DA7_20251015_000000.WAV,245AAA0563ED3DA7_20251015_000000,2025-10-15,00:00:00,2025-10-15 09:32:30,10-11,"Passing clouds, broken clouds","Partly cloudy, unsettled",2025-10-15_Night_PartlyCloudy_10-11C,245AAA0563ED3DA7_20251015_000000.WAV,2025-10-15 09:32:30,9.0
Great Gray Shrike,Lanius excubitor,23088.0,23091.0,0.4330466091632843,Lanius excubitor_Great Gray Shrike,2,245AAA0563ED3DA7_20251014_000000.WAV,245AAA0563ED3DA7_20251014_000000,2025-10-14,00:00:00,2025-10-14 06:24:48,11,"Light rain, passing clouds",Light rain overnight,2025-10-14_Night_LightRain_11C,245AAA0563ED3DA7_20251014_000000.WAV,2025-10-14 06:24:48,6.0
Great Snipe,Gallinago media,29487.0,29490.0,0.5773224830627441,Gallinago media_Great Snipe,2,245AAA0563ED3DA7_20251014_000000.WAV,245AAA0563ED3DA7_20251014_000000,2025-10-14,00:00:00,2025-10-14 08:11:27,11,"Light rain, passing clouds",Light rain overnight,2025-10-14_Night_LightRain_11C,245AAA0563ED3DA7_20251014_000000.WAV,2025-10-14 08:11:27,8.0
Greater White-fronted Goose,Anser albifrons,25749.0,25752.0,0.5225813388824463,Anser albifrons_Greater White-fronted Goose,4,245AAA0563ED3DA7_20251015_000000.WAV,245AAA0563ED3DA7_20251015_000000,2025-10-15,00:00:00,2025-10-15 07:09:09,10-11,"Passing clouds, broken clouds","Partly cloudy, unsettled",2025-10-15_Night_PartlyCloudy_10-11C,245AAA0563ED3DA7_20251015_000000.WAV,2025-10-15 07:09:09,7.0
Hooded Crow,Corvus cornix,33114.0,33117.0,0.6057105660438538,Corvus cornix_Hooded Crow,4,245AAA0563ED3DA7_20251015_000000.WAV,245AAA0563ED3DA7_20251015_000000,2025-10-15,00:00:00,2025-10-15 09:11:54,10-11,"Passing clouds, broken clouds","Partly cloudy, unsettled",2025-10-15_Night_PartlyCloudy_10-11C,245AAA0563ED3DA7_20251015_000000.WAV,2025-10-15 09:11:54,9.0
Lesser Spotted Woodpecker,Dryobates minor,37101.0,37104.0,0.3398704528808594,Dryobates minor_Lesser Spotted Woodpecker,2,245AAA0563ED3DA7_20251014_000000.WAV,245AAA0563ED3DA7_20251014_000000,2025-10-14,00:00:00,2025-10-14 10:18:21,11,"Light rain, passing clouds",Light rain overnight,2025-10-14_Night_LightRain_11C,245AAA0563ED3DA7_20251014_000000.WAV,2025-10-14 10:18:21,10.0
Little Bunting,Emberiza pusilla,28917.0,28920.0,0.5060760378837585,Emberiza pusilla_Little Bunting,2,245AAA0563ED3DA7_20251014_000000.WAV,245AAA0563ED3DA7_20251014_000000,2025-10-14,00:00:00,2025-10-14 08:01:57,11,"Light rain, passing clouds",Light rain overnight,2025-10-14_Night_LightRain_11C,245AAA0563ED3DA7_20251014_000000.WAV,2025-10-14 08:01:57,8.0
Manx Shearwater,Puffinus puffinus,24270.0,24273.0,0.3178710043430328,Puffinus puffinus_Manx Shearwater,4,245AAA0563ED3DA7_20251015_000000.WAV,245AAA0563ED3DA7_20251015_000000,2025-10-15,00:00:00,2025-10-15 06:44:30,10-11,"Passing clouds, broken clouds","Partly cloudy, unsettled",2025-10-15_Night_PartlyCloudy_10-11C,245AAA0563ED3DA7_20251015_000000.WAV,2025-10-15 06:44:30,6.0
Meadow Pipit,Anthus pratensis,29796.0,29799.0,0.3538739681243896,Anthus pratensis_Meadow Pipit,4,245AAA0563ED3DA7_20251015_000000.WAV,245AAA0563ED3DA7_20251015_000000,2025-10-15,00:00:00,2025-10-15 08:16:36,10-11,"Passing clouds, broken clouds","Partly cloudy, unsettled",2025-10-15_Night_PartlyCloudy_10-11C,245AAA0563ED3DA7_20251015_000000.WAV,2025-10-15 08:16:36,8.0
Mistle Thrush,Turdus viscivorus,24924.0,24927.0,0.4820084571838379,Turdus viscivorus_Mistle Thrush,2,245AAA0563ED3DA7_20251014_000000.WAV,245AAA0563ED3DA7_20251014_000000,2025-10-14,00:00:00,2025-10-14 06:55:24,11,"Light rain, passing clouds",Light rain overnight,2025-10-14_Night_LightRain_11C,245AAA0563ED3DA7_20251014_000000.WAV,2025-10-14 06:55:24,6.0
Northern Lapwing,Vanellus vanellus,27507.0,27510.0,0.334258884191513,Vanellus vanellus_Northern Lapwing,4,245AAA0563ED3DA7_20251015_000000.WAV,245AAA0563ED3DA7_20251015_000000,2025-10-15,00:00:00,2025-10-15 07:38:27,10-11,"Passing clouds, broken clouds","Partly cloudy, unsettled",2025-10-15_Night_PartlyCloudy_10-11C,245AAA0563ED3DA7_20251015_000000.WAV,2025-10-15 07:38:27,7.0
Ortolan Bunting,Emberiza hortulana,33510.0,33513.0,0.2784981727600097,Emberiza hortulana_Ortolan Bunting,2,245AAA0563ED3DA7_20251014_000000.WAV,245AAA0563ED3DA7_20251014_000000,2025-10-14,00:00:00,2025-10-14 09:18:30,11,"Light rain, passing clouds",Light rain overnight,2025-10-14_Night_LightRain_11C,245AAA0563ED3DA7_20251014_000000.WAV,2025-10-14 09:18:30,9.0
Pink-footed Goose,Anser brachyrhynchus,33015.0,33018.0,0.9439055919647216,Anser brachyrhynchus_Pink-footed Goose,4,245AAA0563ED3DA7_20251015_000000.WAV,245AAA0563ED3DA7_20251015_000000,2025-10-15,00:00:00,2025-10-15 09:10:15,10-11,"Passing clouds, broken clouds","Partly cloudy, unsettled",2025-10-15_Night_PartlyCloudy_10-11C,245AAA0563ED3DA7_20251015_000000.WAV,2025-10-15 09:10:15,9.0
Red-breasted Flycatcher,Ficedula parva,28923.0,28926.0,0.901174008846283,Ficedula parva_Red-breasted Flycatcher,2,245AAA0563ED3DA7_20251014_000000.WAV,245AAA0563ED3DA7_20251014_000000,2025-10-14,00:00:00,2025-10-14 08:02:03,11,"Light rain, passing clouds",Light rain overnight,2025-10-14_Night_LightRain_11C,245AAA0563ED3DA7_20251014_000000.WAV,2025-10-14 08:02:03,8.0
Red-throated Loon,Gavia stellata,27099.0,27102.0,0.3042365610599518,Gavia stellata_Red-throated Loon,4,245AAA0563ED3DA7_20251015_000000.WAV,245AAA0563ED3DA7_20251015_000000,2025-10-15,00:00:00,2025-10-15 07:31:39,10-11,"Passing clouds, broken clouds","Partly cloudy, unsettled",2025-10-15_Night_PartlyCloudy_10-11C,245AAA0563ED3DA7_20251015_000000.WAV,2025-10-15 07:31:39,7.0
Redwing,Turdus iliacus,25530.0,25533.0,0.7830180525779724,Turdus iliacus_Redwing,2,245AAA0563ED3DA7_20251014_000000.WAV,245AAA0563ED3DA7_20251014_000000,2025-10-14,00:00:00,2025-10-14 07:05:30,11,"Light rain, passing clouds",Light rain overnight,2025-10-14_Night_LightRain_11C,245AAA0563ED3DA7_20251014_000000.WAV,2025-10-14 07:05:30,7.0
Reed Bunting,Emberiza schoeniclus,35949.0,35952.0,0.2931766510009765,Emberiza schoeniclus_Reed Bunting,4,245AAA0563ED3DA7_20251015_000000.WAV,245AAA0563ED3DA7_20251015_000000,2025-10-15,00:00:00,2025-10-15 09:59:09,10-11,"Passing clouds, broken clouds","Partly cloudy, unsettled",2025-10-15_Night_PartlyCloudy_10-11C,245AAA0563ED3DA7_20251015_000000.WAV,2025-10-15 09:59:09,9.0
Richard's Pipit,Anthus richardi,30885.0,30888.0,0.9399092197418212,Anthus richardi_Richard's Pipit,2,245AAA0563ED3DA7_20251014_000000.WAV,245AAA0563ED3DA7_20251014_000000,2025-10-14,00:00:00,2025-10-14 08:34:45,11,"Light rain, passing clouds",Light rain overnight,2025-10-14_Night_LightRain_11C,245AAA0563ED3DA7_20251014_000000.WAV,2025-10-14 08:34:45,8.0
Ring-necked Pheasant,Phasianus colchicus,34863.0,34866.0,0.2853590548038482,Phasianus colchicus_Ring-necked Pheasant,4,245AAA0563ED3DA7_20251015_000000.WAV,245AAA0563ED3DA7_20251015_000000,2025-10-15,00:00:00,2025-10-15 09:41:03,10-11,"Passing clouds, broken clouds","Partly cloudy, unsettled",2025-10-15_Night_PartlyCloudy_10-11C,245AAA0563ED3DA7_20251015_000000.WAV,2025-10-15 09:41:03,9.0
River Warbler,Locustella fluviatilis,26664.0,26667.0,0.2537513673305511,Locustella fluviatilis_River Warbler,2,245AAA0563ED3DA7_20251014_000000.WAV,245AAA0563ED3DA7_20251014_000000,2025-10-14,00:00:00,2025-10-14 07:24:24,11,"Light rain, passing clouds",Light rain overnight,2025-10-14_Night_LightRain_11C,245AAA0563ED3DA7_20251014_000000.WAV,2025-10-14 07:24:24,7.0
Rook,Corvus frugilegus,33294.0,33297.0,0.8196960091590881,Corvus frugilegus_Rook,4,245AAA0563ED3DA7_20251015_000000.WAV,245AAA0563ED3DA7_20251015_000000,2025-10-15,00:00:00,2025-10-15 09:14:54,10-11,"Passing clouds, broken clouds","Partly cloudy, unsettled",2025-10-15_Night_PartlyCloudy_10-11C,245AAA0563ED3DA7_20251015_000000.WAV,2025-10-15 09:14:54,9.0
Spotted Crake,Porzana porzana,23709.0,23712.0,0.9412823915481568,Porzana porzana_Spotted Crake,4,245AAA0563ED3DA7_20251015_000000.WAV,245AAA0563ED3DA7_20251015_000000,2025-10-15,00:00:00,2025-10-15 06:35:09,10-11,"Passing clouds, broken clouds","Partly cloudy, unsettled",2025-10-15_Night_PartlyCloudy_10-11C,245AAA0563ED3DA7_20251015_000000.WAV,2025-10-15 06:35:09,6.0
Tawny Owl,Strix aluco,39306.0,39309.0,0.6285027861595154,Strix aluco_Tawny Owl,2,245AAA0563ED3DA7_20251014_000000.WAV,245AAA0563ED3DA7_20251014_000000,2025-10-14,00:00:00,2025-10-14 10:55:06,11,"Light rain, passing clouds",Light rain overnight,2025-10-14_Night_LightRain_11C,245AAA0563ED3DA7_20251014_000000.WAV,2025-10-14 10:55:06,10.0
Tree Pipit,Anthus trivialis,26316.0,26319.0,0.6749482154846191,Anthus trivialis_Tree Pipit,2,245AAA0563ED3DA7_20251014_000000.WAV,245AAA0563ED3DA7_20251014_000000,2025-10-14,00:00:00,2025-10-14 07:18:36,11,"Light rain, passing clouds",Light rain overnight,2025-10-14_Night_LightRain_11C,245AAA0563ED3DA7_20251014_000000.WAV,2025-10-14 07:18:36,7.0
Western Yellow Wagtail,Motacilla flava,35949.0,35952.0,0.5927988886833191,Motacilla flava_Western Yellow Wagtail,4,245AAA0563ED3DA7_20251015_000000.WAV,245AAA0563ED3DA7_20251015_000000,2025-10-15,00:00:00,2025-10-15 09:59:09,10-11,"Passing clouds, broken clouds","Partly cloudy, unsettled",2025-10-15_Night_PartlyCloudy_10-11C,245AAA0563ED3DA7_20251015_000000.WAV,2025-10-15 09:59:09,9.0
White Wagtail,Motacilla alba,30420.0,30423.0,0.5791553854942322,Motacilla alba_White Wagtail,2,245AAA0563ED3DA7_20251014_000000.WAV,245AAA0563ED3DA7_20251014_000000,2025-10-14,00:00:00,2025-10-14 08:27:00,11,"Light rain, passing clouds",Light rain overnight,2025-10-14_Night_LightRain_11C,245AAA0563ED3DA7_20251014_000000.WAV,2025-10-14 08:27:00,8.0
Yellowhammer,Emberiza citrinella,31626.0,31629.0,0.832180380821228,Emberiza citrinella_Yellowhammer,2,245AAA0563ED3DA7_20251014_000000.WAV,245AAA0563ED3DA7_20251014_000000,2025-10-14,00:00:00,2025-10-14 08:47:06,11,"Light rain, passing clouds",Light rain overnight,2025-10-14_Night_LightRain_11C,245AAA0563ED3DA7_20251014_000000.WAV,2025-10-14 08:47:06,8.0
